{
  "model": "XGBoost",
  "training_time_seconds": 36.17308044433594,
  "test_accuracy": 0.5675733431022377,
  "test_f1_macro": 0.5842511920842266,
  "test_f1_weighted": 0.5604337591251422,
  "num_features": 35,
  "train_samples": 349237,
  "test_samples": 98271
}