{
  "model_name": "XGBoost",
  "training_time_seconds": 36.17308044433594,
  "test_accuracy": 0.5675733431022377,
  "test_f1_macro": 0.5842511920842266,
  "test_f1_weighted": 0.5604337591251422,
  "test_precision_macro": 0.5317023837064241,
  "test_recall_macro": 0.6991645601769969,
  "train_accuracy": 0.6680191388655841,
  "train_f1_macro": 0.713260094962986,
  "per_class_f1": [
    0.5130400442303136,
    0.592627158189454,
    0.45463064188661567,
    0.516060525617202,
    0.6273164035689774,
    0.3994913882788117,
    0.7906482465462273,
    0.612899969718381,
    0.778165548098434,
    0.3165318398672475,
    0.8005394470667566,
    0.6090630919422992
  ],
  "per_class_precision": [
    0.8321291314373559,
    0.44143204727146335,
    0.34950174090527075,
    0.5122079747057791,
    0.5766965787997756,
    0.33378404481359863,
    0.6863468634686347,
    0.5217391304347826,
    0.6818787736218929,
    0.26237964236588723,
    0.7144920558497834,
    0.46784062080286526
  ],
  "per_class_recall": [
    0.3708380908883307,
    0.9013484740951029,
    0.6502121956667412,
    0.5199714693295292,
    0.6876776458786156,
    0.49740932642487046,
    0.9323308270676691,
    0.7426614481409002,
    0.906116494737939,
    0.39884997386304233,
    0.9101502606562404,
    0.8724085153749827
  ],
  "num_features": 35,
  "train_samples": 349237,
  "test_samples": 98271,
  "num_estimators": 100,
  "max_depth": 6
}